#{"t_start": 1621457818.194961, "env_id": "JSBSim-v2"}
r,l,t
-3.572577,103,6.929003
